﻿Designator,Quantity,Value,Footprint,Package,MPN,DNP,Mount_Type,Description,Height,Manufacturer_Name,Mouser Part Number,Mouser Price/Stock,Arrow Part Number,Arrow Price/Stock
,1,,,,,,tht,,,,,,,
"C1, C11, C15, C16, C2, C9",6,0.1u,C_0603_1608Metric,,,,smt,,,,,,,
"C10, C14, C17, C3, C4, C7, C8",7,1u,C_0603_1608Metric,,,,smt,,,,,,,
"C12, C13, C18, C5, C6",5,10u,C_0603_1608Metric,,,,smt,,,,,,,
D1,1,LED_BLUE,LED_150120RS75000_WRE,,,,smt,,,,,,,
D2,1,LED_GRE,LED_150120RS75000_WRE,,,,smt,,,,,,,
D3,1,LED_OR,LED_150120RS75000_WRE,,,,smt,,,,,,,
D4,1,LED_RED,LED_150120RS75000_WRE,,,,smt,,,,,,,
"EN_TO_CHIP'1, J1, J14, J2, J3, J6, J7, VDD_GND_RPI1",8,PINHD_1x2_Male,PinHeader_1x02_P2.54mm_Vertical,,,,tht,,,,,,,
"IC1, IC3",2,SN74LVC1G3157DBVR,SN74LVC1G3157,,SN74LVC1G3157DBVR,,smt,"SINGLE-POLE, DOUBLE-THROW ANALOG SWITCH",1.45,Texas Instruments,595-SN74LVC1G3157DBV,https://www.mouser.co.uk/ProductDetail/Texas-Instruments/SN74LVC1G3157DBVR?qs=PVVDbbWpW3ID6l2sElWeMw%3D%3D,SN74LVC1G3157DBVR,https://www.arrow.com/en/products/sn74lvc1g3157dbvr/texas-instruments?utm_currency=USD&region=nac
IC2,1,AD8542ARMZ-REEL,AD8542,,AD8542ARMZ-REEL,,smt,Single-supply operation: 2.7 V to 5.5 V  Low supply current: 45 A/amplifier  Wide bandwidth: 1 MHz  No phase reversal  Low input currents: 4 pA  Unity gain stable  Rail-to-rail input and output  AEC-Q100 qualified for automotive applications,1.1,Analog Devices,584-AD8542ARMZ-R,https://www.mouser.co.uk/ProductDetail/Analog-Devices/AD8542ARMZ-REEL?qs=%2FtpEQrCGXCzeOxAKFphJiQ%3D%3D,AD8542ARMZ-REEL,https://www.arrow.com/en/products/ad8542armz-reel/analog-devices?utm_currency=USD&region=nac
J10,1,USB4736,USB_C_Receptacle_GCT_USB4125-xx-x_6P_TopMnt_Horizontal,,,,smt,USB Power-Only 6P Type-C Receptacle connector,,,,,,
"J11, J12, J8, J9",4,Conn_01x25_Pin,PinHeader_1x25_P2.54mm_Vertical,,,,tht,"Generic connector, single row, 01x25, script generated",,,,,,
J13,1,Conn_01x02_Pin,PinHeader_1x02_P2.54mm_Vertical,,,,tht,,,,,,,
"J14_GND1, J14_GND2, OPAMP_1",3,Conn_01x03,PinHeader_1x03_P2.54mm_Vertical,,,,tht,,,,,,,
J5,1,5-1746530-4,SODIIMM_200_socket_2,,5-1746530-4,,tht,Body Features: Ejector Location Both Ends | Latch Material Stainless Steel | Connector Profile Standard | Latch Plating Material Tin | Module Key Type SGRAM | Ejector Type Locking | Configuration Features: Number of Keys 1 | Number of Bays 2 | Number of Rows 2 | Module Orientation Right Angle | Number of Positions 200 | Contact Features: Memory Socket Type Memory Card | Contact Current Rating (Max) .5 AMP | Contact Base Material Copper Alloy | Contact Mating Area Plating Material Gold Flash | PCB Contact Te,6.5,TE Connectivity,571-5-1746530-4,https://www.mouser.co.uk/ProductDetail/TE-Connectivity/5-1746530-4?qs=ZjKkSzBea3O3sfDEJqHfXQ%3D%3D,5-1746530-4,https://www.arrow.com/en/products/5-1746530-4/te-connectivity?region=nac
J_CLK_RPI1,1,CLK_RPI,PinHeader_1x01_P2.54mm_Vertical,,,,tht,"Generic connector, single row, 01x01, script generated",,,,,,
J_DATA_RPI1,1,DATA_RPI,PinHeader_1x01_P2.54mm_Vertical,,,,tht,"Generic connector, single row, 01x01, script generated",,,,,,
J_VCM1,1,VCM,PinHeader_1x01_P2.54mm_Vertical,,,,tht,"Generic connector, single row, 01x01, script generated",,,,,,
"R1, R4, R5, R6",4,330,R_0603_1608Metric,,,,smt,,,,,,,
"R2, R3",2,1k,R_0603_1608Metric,,,,smt,,,,,,,
"RV1, RV2",2,25k_POT,Potentiometer_Bourns_3266Y_Vertical,,,,tht,,,,,,,
"Rd_1, Rd_2",2,5.1K,R_0603_1608Metric,,,,smt,,,,,,,
U1,1,NCV8164ASN250T1G_LDO_2.5V,NCV8164ASN250T1G_LDO,,,,smt,,,,,,,
