﻿pos_x,pos_y,rotation,side,designator,mpn,pack,footprint,value,mount_type
215.3,-122.5,0.0,top,,,,,,tht
100.95,-101.569,90.0,top,C1,,,C_0603_1608Metric,0.1u,smt
111.325,-93.119,0.0,top,C10,,,C_0603_1608Metric,1u,smt
94.8,-126.194,-90.0,top,C11,,,C_0603_1608Metric,0.1u,smt
111.325,-90.319,0.0,top,C12,,,C_0603_1608Metric,10u,smt
206.1,-123.044,-90.0,top,C13,,,C_0603_1608Metric,10u,smt
208.0,-124.744,-90.0,top,C14,,,C_0603_1608Metric,1u,smt
209.9,-126.419,-90.0,top,C15,,,C_0603_1608Metric,0.1u,smt
210.3,-64.144,-90.0,top,C16,,,C_0603_1608Metric,0.1u,smt
208.6,-64.144,-90.0,top,C17,,,C_0603_1608Metric,1u,smt
206.7,-64.144,-90.0,top,C18,,,C_0603_1608Metric,10u,smt
206.025,-90.641,0.0,top,C2,,,C_0603_1608Metric,0.1u,smt
99.45,-101.569,90.0,top,C3,,,C_0603_1608Metric,1u,smt
206.025,-88.9,0.0,top,C4,,,C_0603_1608Metric,1u,smt
93.95,-67.619,-90.0,top,C5,,,C_0603_1608Metric,10u,smt
99.6,-122.194,-90.0,top,C6,,,C_0603_1608Metric,10u,smt
95.5,-70.244,-90.0,top,C7,,,C_0603_1608Metric,1u,smt
97.125,-124.319,-90.0,top,C8,,,C_0603_1608Metric,1u,smt
91.2,-72.194,90.0,top,C9,,,C_0603_1608Metric,0.1u,smt
205.3,-93.7,180.0,top,D1,,,LED_150120RS75000_WRE,LED_BLUE,smt
195.2,-89.019,180.0,top,D2,,,LED_150120RS75000_WRE,LED_GRE,smt
195.2,-80.719,180.0,top,D3,,,LED_150120RS75000_WRE,LED_OR,smt
200.5,-97.3,0.0,top,EN_TO_CHIP'1,,,PinHeader_1x02_P2.54mm_Vertical,PINHD_1x2_Male,tht
189.75,-94.469,180.0,top,IC1,SN74LVC1G3157DBVR,,SN74LVC1G3157,SN74LVC1G3157DBVR,smt
203.725,-81.544,0.0,top,IC2,AD8542ARMZ-REEL,,AD8542,AD8542ARMZ-REEL,smt
184.65,-85.019,180.0,top,IC3,SN74LVC1G3157DBVR,,SN74LVC1G3157,SN74LVC1G3157DBVR,smt
110.54,-102.3,180.0,top,J1,,,PinHeader_1x02_P2.54mm_Vertical,PINHD_1x2_Male,tht
90.0,-88.1,-90.0,top,J10,,,USB_C_Receptacle_GCT_USB4125-xx-x_6P_TopMnt_Horizontal,USB4736,smt
215.9,-58.42,90.0,bottom,J11,,,PinHeader_1x25_P2.54mm_Vertical,Conn_01x25_Pin,tht
154.94,-136.94,-90.0,bottom,J12,,,PinHeader_1x25_P2.54mm_Vertical,Conn_01x25_Pin,tht
91.44,-66.04,180.0,bottom,J13,,,PinHeader_1x02_P2.54mm_Vertical,Conn_01x02_Pin,tht
213.36,-126.78,180.0,bottom,J14,,,PinHeader_1x02_P2.54mm_Vertical,PINHD_1x2_Male,tht
101.15,-76.019,0.0,top,J14_GND1,,,PinHeader_1x03_P2.54mm_Vertical,Conn_01x03,tht
96.339,-76.019,0.0,top,J14_GND2,,,PinHeader_1x03_P2.54mm_Vertical,Conn_01x03,tht
201.3,-90.359,180.0,top,J2,,,PinHeader_1x02_P2.54mm_Vertical,PINHD_1x2_Male,tht
105.34,-102.3,180.0,top,J3,,,PinHeader_1x02_P2.54mm_Vertical,PINHD_1x2_Male,tht
213.36,-66.04,180.0,bottom,J6,,,PinHeader_1x02_P2.54mm_Vertical,PINHD_1x2_Male,tht
91.44,-126.78,180.0,bottom,J7,,,PinHeader_1x02_P2.54mm_Vertical,PINHD_1x2_Male,tht
149.86,-58.42,90.0,bottom,J8,,,PinHeader_1x25_P2.54mm_Vertical,Conn_01x25_Pin,tht
88.9,-136.94,-90.0,bottom,J9,,,PinHeader_1x25_P2.54mm_Vertical,Conn_01x25_Pin,tht
195.5,-93.519,90.0,top,J_CLK_RPI1,,,PinHeader_1x01_P2.54mm_Vertical,CLK_RPI,tht
189.9,-84.519,90.0,top,J_DATA_RPI1,,,PinHeader_1x01_P2.54mm_Vertical,DATA_RPI,tht
201.5,-77.219,90.0,top,J_VCM1,,,PinHeader_1x01_P2.54mm_Vertical,VCM,tht
209.5,-76.219,0.0,top,OPAMP_1,,,PinHeader_1x03_P2.54mm_Vertical,Conn_01x03,tht
200.525,-93.7,0.0,top,R1,,,R_0603_1608Metric,330,smt
102.5,-101.569,90.0,top,R2,,,R_0603_1608Metric,1k,smt
206.025,-87.319,180.0,top,R3,,,R_0603_1608Metric,1k,smt
190.225,-89.019,0.0,top,R4,,,R_0603_1608Metric,330,smt
190.675,-80.719,0.0,top,R5,,,R_0603_1608Metric,330,smt
96.781,-110.06,180.0,top,RV1,,,Potentiometer_Bourns_3266Y_Vertical,25k_POT,tht
211.85,-84.779,90.0,top,RV2,,,Potentiometer_Bourns_3266Y_Vertical,25k_POT,tht
107.3,-86.769,90.0,top,Rd_1,,,R_0603_1608Metric,5.1K,smt
106.45,-90.294,90.0,top,Rd_2,,,R_0603_1608Metric,5.1K,smt
111.8,-86.869,0.0,top,U1,,,NCV8164ASN250T1G_LDO,NCV8164ASN250T1G_LDO_2.5V,smt
200.4,-106.3,180.0,top,VDD_GND_RPI1,,,PinHeader_1x02_P2.54mm_Vertical,PINHD_1x2_Male,tht
