﻿pos_x,pos_y,rotation,side,designator,mpn,pack,value,mount_type,place
131.1,-83.225,-90.0,top,C1,,C_0603_1608Metric,1u,smt,True
127.4949,-80.1,-90.0,top,C10,,C_0603_1608Metric,0.1u,smt,True
125.69235,-80.1,-90.0,top,C12,,C_0603_1608Metric,10u,smt,True
172.605,-82.1604,0.0,top,C14,,C_0603_1608Metric,10u,smt,True
172.605,-84.3208,0.0,top,C15,,C_0603_1608Metric,1u,smt,True
172.605,-80.0,0.0,top,C16,,C_0603_1608Metric,0.1u,smt,True
159.297,-61.075,90.0,top,C17,,C_0603_1608Metric,0.1u,smt,True
153.6,-61.075,90.0,top,C18,,C_0603_1608Metric,1u,smt,True
155.499,-61.075,90.0,top,C19,,C_0603_1608Metric,10u,smt,True
132.9,-83.2,90.0,top,C2,,C_0603_1608Metric,0.1u,smt,True
157.398,-61.075,90.0,top,C20,,C_0603_1608Metric,47u,smt,True
151.701,-61.075,90.0,top,C3,,C_0603_1608Metric,0.1u,smt,True
172.475,-67.0,180.0,top,C4,,C_0603_1608Metric,1u,smt,True
169.15,-55.27,180.0,top,C5,,C_0603_1608Metric,10u,smt,True
132.715,-69.075,-90.0,top,C6,,C_0603_1608Metric,1u,smt,True
130.5546,-69.075,-90.0,top,C7,,C_0603_1608Metric,0.1u,smt,True
149.802,-61.075,90.0,top,C8,,C_0603_1608Metric,1u,smt,True
129.29745,-80.1,-90.0,top,C9,,C_0603_1608Metric,1u,smt,True
128.905,-62.4,0.0,top,D1,,SunLED_LED_XZC_0805,LED_OR,tht,True
134.6155,-59.754,0.0,top,D2,,SunLED_LED_XZC_0805,LED_G,tht,True
134.6155,-55.9755,0.0,top,D3,,SunLED_LED_XZC_0805,LED_Y,tht,True
134.6155,-52.197,0.0,top,D4,,SunLED_LED_XZC_0805,LED_B,tht,True
128.9,-65.4,0.0,top,D5,,SunLED_LED_XZC_0805,LED_R,tht,True
121.92,-93.98,-90.0,top,J1,,PinHeader_1x16_P2.54mm_Vertical,Conn_01x16_Pin,tht,True
127.435,-52.07,0.0,top,J10,,PinHeader_2x04_P2.54mm_Vertical,Conn_02x04_Row_Letter_First,tht,True
151.34,-52.07,-90.0,top,J14_GND2,,PinHeader_1x03_P2.54mm_Vertical,Conn_01x03,tht,True
161.275,-52.07,90.0,top,J14_GND3,,PinHeader_1x03_P2.54mm_Vertical,Conn_01x03,tht,True
170.18,-52.07,90.0,top,J18_VDC1,,PinHeader_1x02_P2.54mm_Vertical,Conn_01x02,tht,True
83.82,-101.6,90.0,top,J2,,PinHeader_1x16_P2.54mm_Vertical,Conn_01x16_Pin,tht,True
177.8,-101.6,90.0,top,J3,,PinHeader_1x16_P2.54mm_Vertical,Conn_01x16_Pin,tht,True
215.9,-93.98,-90.0,top,J4,,PinHeader_1x16_P2.54mm_Vertical,Conn_01x16_Pin,tht,True
127.0,-76.2,180.0,top,J5,,PinHeader_1x02_P2.54mm_Vertical,PINHD_1x2_Male,tht,True
172.72,-76.2,180.0,top,J6,,PinHeader_1x02_P2.54mm_Vertical,Conn_01x02_Pin,tht,True
126.38795,-91.1,90.0,top,J7,,PinHeader_1x02_P2.54mm_Vertical,PINHD_1x2_Male,tht,True
155.025,-52.0,90.0,top,J8,,PinHeader_1x02_P2.54mm_Vertical,PINHD_1x2_Male,tht,True
172.695,-62.865,-90.0,top,JP1_LDOPG1,,PinHeader_1x02_P2.54mm_Vertical,Jumper_2_Open,tht,True
149.9,-56.0,-90.0,top,JP2_EN1,,PinHeader_1x02_P2.54mm_Vertical,Jumper_2_Open,tht,True
140.716,-59.754,-90.0,top,R1,,R_0603_1608Metric,1.1k,smt,True
169.164,-58.017,180.0,top,R10,,R_0603_1608Metric,10K,smt,True
150.9,-58.6,180.0,top,R11,,R_0603_1608Metric,1.1k,smt,True
129.29745,-76.775,90.0,top,R13,,R_0603_1608Metric,0,smt,True
131.1,-76.775,90.0,top,R14,,R_0603_1608Metric,510K,smt,True
132.90255,-76.775,-90.0,top,R15,,R_0603_1608Metric,120K,smt,True
132.90255,-80.1,-90.0,top,R16,,R_0603_1608Metric,0,smt,True
132.525,-65.4,0.0,top,R17,,R_0603_1608Metric,330,smt,True
131.1,-80.1,-90.0,top,R18,,R_0603_1608Metric,1.1k,smt,True
132.525,-62.4,0.0,top,R19,,R_0603_1608Metric,330,smt,True
138.176,-59.754,-90.0,top,R2,,R_0603_1608Metric,3.3k,smt,True
140.716,-55.9755,-90.0,top,R3,,R_0603_1608Metric,1.1k,smt,True
138.176,-55.9755,-90.0,top,R4,,R_0603_1608Metric,3.3k,smt,True
140.716,-52.197,-90.0,top,R5,,R_0603_1608Metric,1.1k,smt,True
138.176,-52.197,-90.0,top,R6,,R_0603_1608Metric,3.3k,smt,True
143.256,-59.754,-90.0,top,R7,,R_0603_1608Metric,330,smt,True
143.256,-55.9755,-90.0,top,R8,,R_0603_1608Metric,750,smt,True
143.256,-52.197,-90.0,top,R9,,R_0603_1608Metric,330,smt,True
158.83,-56.65,0.0,top,RV1,,Potentiometer_Bourns_3266Y_Vertical,25k_POT,tht,True
127.58795,-82.875,90.0,top,RV2,,Potentiometer_Bourns_3266Y_Vertical,25k_POT,tht,True
172.72,-56.642,-90.0,top,U1,,NCV8164ASN250T1G,NCV8164ASN250T1G_LDO_2.5V,smt,True
131.7244,-73.406,0.0,top,U2,,TSOT-23_TS8_LIT,LTC4365TS8,smt,True
127.9525,-69.1896,0.0,top,U3,,TRANS_UM6J1_ROM,UM6K34NTCN,smt,True
149.86,-78.74,0.0,top,Upkg1,,PLCC_x68,MobiusChip_connX68,tht,True
