﻿designator,quantity,value,pack,mpn,mount_type
"C1, C15, C18, C4, C6, C8, C9",7,1u,C_0603_1608Metric,,smt
"C10, C16, C17, C2, C3, C7",6,0.1u,C_0603_1608Metric,,smt
"C12, C14, C19, C5",4,10u,C_0603_1608Metric,,smt
C20,1,47u,C_0603_1608Metric,,smt
D1,1,LED_OR,SunLED_LED_XZC_0805,,tht
D2,1,LED_G,SunLED_LED_XZC_0805,,tht
D3,1,LED_Y,SunLED_LED_XZC_0805,,tht
D4,1,LED_B,SunLED_LED_XZC_0805,,tht
D5,1,LED_R,SunLED_LED_XZC_0805,,tht
"J1, J2, J3, J4",4,Conn_01x16_Pin,PinHeader_1x16_P2.54mm_Vertical,,tht
J10,1,Conn_02x04_Row_Letter_First,PinHeader_2x04_P2.54mm_Vertical,,tht
"J14_GND2, J14_GND3",2,Conn_01x03,PinHeader_1x03_P2.54mm_Vertical,,tht
J18_VDC1,1,Conn_01x02,PinHeader_1x02_P2.54mm_Vertical,,tht
"J5, J7, J8",3,PINHD_1x2_Male,PinHeader_1x02_P2.54mm_Vertical,,tht
J6,1,Conn_01x02_Pin,PinHeader_1x02_P2.54mm_Vertical,,tht
"JP1_LDOPG1, JP2_EN1",2,Jumper_2_Open,PinHeader_1x02_P2.54mm_Vertical,,tht
"R1, R11, R18, R3, R5",5,1.1k,R_0603_1608Metric,,smt
R10,1,10K,R_0603_1608Metric,,smt
"R13, R16",2,0,R_0603_1608Metric,,smt
R14,1,510K,R_0603_1608Metric,,smt
R15,1,120K,R_0603_1608Metric,,smt
"R17, R19, R7, R9",4,330,R_0603_1608Metric,,smt
"R2, R4, R6",3,3.3k,R_0603_1608Metric,,smt
R8,1,750,R_0603_1608Metric,,smt
"RV1, RV2",2,25k_POT,Potentiometer_Bourns_3266Y_Vertical,,tht
U1,1,NCV8164ASN250T1G_LDO_2.5V,NCV8164ASN250T1G,,smt
U2,1,LTC4365TS8,TSOT-23_TS8_LIT,,smt
U3,1,UM6K34NTCN,TRANS_UM6J1_ROM,,smt
Upkg1,1,MobiusChip_connX68,PLCC_x68,,tht
