﻿Designator,Quantity,Value,Footprint,Package,MPN,DNP,Mount_Type,Description
", ",2,,,,,,tht,
C1,1,0.1u,C_0603_1608Metric,,,,smt,
C6,1,1u,C_0603_1608Metric,,,,smt,
D2,1,LED_GRE,LED_150120RS75000_WRE,,,,smt,
Daughter_Card_PIN1,1,~,SODIMM-200_1.8V_Card_edge_Extend,,,,tht,
MOSbius_V2,1,MOSbius_V2,ArtInChip_QFN-100-1EP_12x12mm_P0.4mm_EP7.4x7.4mm,,,,smt,
P10,1,Conn_01x01_Pin,PinHeader_1x01_P1.00mm_Vertical,,,Yes,tht,"Generic connector, single row, 01x01, script generated"
P100,1,Conn_01x01_Pin,PinHeader_1x01_P1.00mm_Vertical,,,Yes,tht,"Generic connector, single row, 01x01, script generated"
P11,1,Conn_01x01_Pin,PinHeader_1x01_P1.00mm_Vertical,,,Yes,tht,"Generic connector, single row, 01x01, script generated"
P12,1,Conn_01x01_Pin,PinHeader_1x01_P1.00mm_Vertical,,,Yes,tht,"Generic connector, single row, 01x01, script generated"
P14,1,Conn_01x01_Pin,PinHeader_1x01_P1.00mm_Vertical,,,Yes,tht,"Generic connector, single row, 01x01, script generated"
P15,1,Conn_01x01_Pin,PinHeader_1x01_P1.00mm_Vertical,,,Yes,tht,"Generic connector, single row, 01x01, script generated"
P16,1,Conn_01x01_Pin,PinHeader_1x01_P1.00mm_Vertical,,,Yes,tht,"Generic connector, single row, 01x01, script generated"
P17,1,Conn_01x01_Pin,PinHeader_1x01_P1.00mm_Vertical,,,Yes,tht,"Generic connector, single row, 01x01, script generated"
P18,1,Conn_01x01_Pin,PinHeader_1x01_P1.00mm_Vertical,,,Yes,tht,"Generic connector, single row, 01x01, script generated"
P19,1,Conn_01x01_Pin,PinHeader_1x01_P1.00mm_Vertical,,,Yes,tht,"Generic connector, single row, 01x01, script generated"
P20,1,Conn_01x01_Pin,PinHeader_1x01_P1.00mm_Vertical,,,Yes,tht,"Generic connector, single row, 01x01, script generated"
P21,1,Conn_01x01_Pin,PinHeader_1x01_P1.00mm_Vertical,,,Yes,tht,"Generic connector, single row, 01x01, script generated"
P22,1,Conn_01x01_Pin,PinHeader_1x01_P1.00mm_Vertical,,,Yes,tht,"Generic connector, single row, 01x01, script generated"
P23,1,Conn_01x01_Pin,PinHeader_1x01_P1.00mm_Vertical,,,Yes,tht,"Generic connector, single row, 01x01, script generated"
P24,1,Conn_01x01_Pin,PinHeader_1x01_P1.00mm_Vertical,,,Yes,tht,"Generic connector, single row, 01x01, script generated"
P25,1,Conn_01x01_Pin,PinHeader_1x01_P1.00mm_Vertical,,,Yes,tht,"Generic connector, single row, 01x01, script generated"
P26,1,Conn_01x01_Pin,PinHeader_1x01_P1.00mm_Vertical,,,Yes,tht,"Generic connector, single row, 01x01, script generated"
P27,1,Conn_01x01_Pin,PinHeader_1x01_P1.00mm_Vertical,,,Yes,tht,"Generic connector, single row, 01x01, script generated"
P28,1,Conn_01x01_Pin,PinHeader_1x01_P1.00mm_Vertical,,,Yes,tht,"Generic connector, single row, 01x01, script generated"
P29,1,Conn_01x01_Pin,PinHeader_1x01_P1.00mm_Vertical,,,Yes,tht,"Generic connector, single row, 01x01, script generated"
P3,1,Conn_01x01_Pin,PinHeader_1x01_P1.00mm_Vertical,,,Yes,tht,"Generic connector, single row, 01x01, script generated"
P30,1,Conn_01x01_Pin,PinHeader_1x01_P1.00mm_Vertical,,,Yes,tht,"Generic connector, single row, 01x01, script generated"
P31,1,Conn_01x01_Pin,PinHeader_1x01_P1.00mm_Vertical,,,Yes,tht,"Generic connector, single row, 01x01, script generated"
P32,1,Conn_01x01_Pin,PinHeader_1x01_P1.00mm_Vertical,,,Yes,tht,"Generic connector, single row, 01x01, script generated"
P33,1,Conn_01x01_Pin,PinHeader_1x01_P1.00mm_Vertical,,,Yes,tht,"Generic connector, single row, 01x01, script generated"
P34,1,Conn_01x01_Pin,PinHeader_1x01_P1.00mm_Vertical,,,Yes,tht,"Generic connector, single row, 01x01, script generated"
P35,1,Conn_01x01_Pin,PinHeader_1x01_P1.00mm_Vertical,,,Yes,tht,"Generic connector, single row, 01x01, script generated"
P36,1,Conn_01x01_Pin,PinHeader_1x01_P1.00mm_Vertical,,,Yes,tht,"Generic connector, single row, 01x01, script generated"
P37,1,Conn_01x01_Pin,PinHeader_1x01_P1.00mm_Vertical,,,Yes,tht,"Generic connector, single row, 01x01, script generated"
P38,1,Conn_01x01_Pin,PinHeader_1x01_P1.00mm_Vertical,,,Yes,tht,"Generic connector, single row, 01x01, script generated"
P39,1,Conn_01x01_Pin,PinHeader_1x01_P1.00mm_Vertical,,,Yes,tht,"Generic connector, single row, 01x01, script generated"
P4,1,Conn_01x01_Pin,PinHeader_1x01_P1.00mm_Vertical,,,Yes,tht,"Generic connector, single row, 01x01, script generated"
P40,1,Conn_01x01_Pin,PinHeader_1x01_P1.00mm_Vertical,,,Yes,tht,"Generic connector, single row, 01x01, script generated"
P41,1,Conn_01x01_Pin,PinHeader_1x01_P1.00mm_Vertical,,,Yes,tht,"Generic connector, single row, 01x01, script generated"
P42,1,Conn_01x01_Pin,PinHeader_1x01_P1.00mm_Vertical,,,Yes,tht,"Generic connector, single row, 01x01, script generated"
P43,1,Conn_01x01_Pin,PinHeader_1x01_P1.00mm_Vertical,,,Yes,tht,"Generic connector, single row, 01x01, script generated"
P44,1,Conn_01x01_Pin,PinHeader_1x01_P1.00mm_Vertical,,,Yes,tht,"Generic connector, single row, 01x01, script generated"
P45,1,Conn_01x01_Pin,PinHeader_1x01_P1.00mm_Vertical,,,Yes,tht,"Generic connector, single row, 01x01, script generated"
P46,1,Conn_01x01_Pin,PinHeader_1x01_P1.00mm_Vertical,,,Yes,tht,"Generic connector, single row, 01x01, script generated"
P47,1,Conn_01x01_Pin,PinHeader_1x01_P1.00mm_Vertical,,,Yes,tht,"Generic connector, single row, 01x01, script generated"
P48,1,Conn_01x01_Pin,PinHeader_1x01_P1.00mm_Vertical,,,Yes,tht,"Generic connector, single row, 01x01, script generated"
P49,1,Conn_01x01_Pin,PinHeader_1x01_P1.00mm_Vertical,,,Yes,tht,"Generic connector, single row, 01x01, script generated"
P5,1,Conn_01x01_Pin,PinHeader_1x01_P1.00mm_Vertical,,,Yes,tht,"Generic connector, single row, 01x01, script generated"
P50,1,Conn_01x01_Pin,PinHeader_1x01_P1.00mm_Vertical,,,Yes,tht,"Generic connector, single row, 01x01, script generated"
P51,1,Conn_01x01_Pin,PinHeader_1x01_P1.00mm_Vertical,,,Yes,tht,"Generic connector, single row, 01x01, script generated"
P52,1,Conn_01x01_Pin,PinHeader_1x01_P1.00mm_Vertical,,,Yes,tht,"Generic connector, single row, 01x01, script generated"
P53,1,Conn_01x01_Pin,PinHeader_1x01_P1.00mm_Vertical,,,Yes,tht,"Generic connector, single row, 01x01, script generated"
P54,1,Conn_01x01_Pin,PinHeader_1x01_P1.00mm_Vertical,,,Yes,tht,"Generic connector, single row, 01x01, script generated"
P55,1,Conn_01x01_Pin,PinHeader_1x01_P1.00mm_Vertical,,,Yes,tht,"Generic connector, single row, 01x01, script generated"
P56,1,Conn_01x01_Pin,PinHeader_1x01_P1.00mm_Vertical,,,Yes,tht,"Generic connector, single row, 01x01, script generated"
P57,1,Conn_01x01_Pin,PinHeader_1x01_P1.00mm_Vertical,,,Yes,tht,"Generic connector, single row, 01x01, script generated"
P58,1,Conn_01x01_Pin,PinHeader_1x01_P1.00mm_Vertical,,,Yes,tht,"Generic connector, single row, 01x01, script generated"
P59,1,Conn_01x01_Pin,PinHeader_1x01_P1.00mm_Vertical,,,Yes,tht,"Generic connector, single row, 01x01, script generated"
P6,1,Conn_01x01_Pin,PinHeader_1x01_P1.00mm_Vertical,,,Yes,tht,"Generic connector, single row, 01x01, script generated"
P60,1,Conn_01x01_Pin,PinHeader_1x01_P1.00mm_Vertical,,,Yes,tht,"Generic connector, single row, 01x01, script generated"
P61,1,Conn_01x01_Pin,PinHeader_1x01_P1.00mm_Vertical,,,Yes,tht,"Generic connector, single row, 01x01, script generated"
P62,1,Conn_01x01_Pin,PinHeader_1x01_P1.00mm_Vertical,,,Yes,tht,"Generic connector, single row, 01x01, script generated"
P63,1,Conn_01x01_Pin,PinHeader_1x01_P1.00mm_Vertical,,,Yes,tht,"Generic connector, single row, 01x01, script generated"
P64,1,Conn_01x01_Pin,PinHeader_1x01_P1.00mm_Vertical,,,Yes,tht,"Generic connector, single row, 01x01, script generated"
P65,1,Conn_01x01_Pin,PinHeader_1x01_P1.00mm_Vertical,,,Yes,tht,"Generic connector, single row, 01x01, script generated"
P66,1,Conn_01x01_Pin,PinHeader_1x01_P1.00mm_Vertical,,,Yes,tht,"Generic connector, single row, 01x01, script generated"
P67,1,Conn_01x01_Pin,PinHeader_1x01_P1.00mm_Vertical,,,Yes,tht,"Generic connector, single row, 01x01, script generated"
P68,1,Conn_01x01_Pin,PinHeader_1x01_P1.00mm_Vertical,,,Yes,tht,"Generic connector, single row, 01x01, script generated"
P69,1,Conn_01x01_Pin,PinHeader_1x01_P1.00mm_Vertical,,,Yes,tht,"Generic connector, single row, 01x01, script generated"
P7,1,Conn_01x01_Pin,PinHeader_1x01_P1.00mm_Vertical,,,Yes,tht,"Generic connector, single row, 01x01, script generated"
P70,1,Conn_01x01_Pin,PinHeader_1x01_P1.00mm_Vertical,,,Yes,tht,"Generic connector, single row, 01x01, script generated"
P71,1,Conn_01x01_Pin,PinHeader_1x01_P1.00mm_Vertical,,,Yes,tht,"Generic connector, single row, 01x01, script generated"
P72,1,Conn_01x01_Pin,PinHeader_1x01_P1.00mm_Vertical,,,Yes,tht,"Generic connector, single row, 01x01, script generated"
P73,1,Conn_01x01_Pin,PinHeader_1x01_P1.00mm_Vertical,,,Yes,tht,"Generic connector, single row, 01x01, script generated"
P74,1,Conn_01x01_Pin,PinHeader_1x01_P1.00mm_Vertical,,,Yes,tht,"Generic connector, single row, 01x01, script generated"
P75,1,Conn_01x01_Pin,PinHeader_1x01_P1.00mm_Vertical,,,Yes,tht,"Generic connector, single row, 01x01, script generated"
P76,1,Conn_01x01_Pin,PinHeader_1x01_P1.00mm_Vertical,,,Yes,tht,"Generic connector, single row, 01x01, script generated"
P77,1,Conn_01x01_Pin,PinHeader_1x01_P1.00mm_Vertical,,,Yes,tht,"Generic connector, single row, 01x01, script generated"
P78,1,Conn_01x01_Pin,PinHeader_1x01_P1.00mm_Vertical,,,Yes,tht,"Generic connector, single row, 01x01, script generated"
P79,1,Conn_01x01_Pin,PinHeader_1x01_P1.00mm_Vertical,,,Yes,tht,"Generic connector, single row, 01x01, script generated"
P8,1,Conn_01x01_Pin,PinHeader_1x01_P1.00mm_Vertical,,,Yes,tht,"Generic connector, single row, 01x01, script generated"
P80,1,Conn_01x01_Pin,PinHeader_1x01_P1.00mm_Vertical,,,Yes,tht,"Generic connector, single row, 01x01, script generated"
P81,1,Conn_01x01_Pin,PinHeader_1x01_P1.00mm_Vertical,,,Yes,tht,"Generic connector, single row, 01x01, script generated"
P82,1,Conn_01x01_Pin,PinHeader_1x01_P1.00mm_Vertical,,,Yes,tht,"Generic connector, single row, 01x01, script generated"
P83,1,Conn_01x01_Pin,PinHeader_1x01_P1.00mm_Vertical,,,Yes,tht,"Generic connector, single row, 01x01, script generated"
P84,1,Conn_01x01_Pin,PinHeader_1x01_P1.00mm_Vertical,,,Yes,tht,"Generic connector, single row, 01x01, script generated"
P85,1,Conn_01x01_Pin,PinHeader_1x01_P1.00mm_Vertical,,,Yes,tht,"Generic connector, single row, 01x01, script generated"
P86,1,Conn_01x01_Pin,PinHeader_1x01_P1.00mm_Vertical,,,Yes,tht,"Generic connector, single row, 01x01, script generated"
P87,1,Conn_01x01_Pin,PinHeader_1x01_P1.00mm_Vertical,,,Yes,tht,"Generic connector, single row, 01x01, script generated"
P88,1,Conn_01x01_Pin,PinHeader_1x01_P1.00mm_Vertical,,,Yes,tht,"Generic connector, single row, 01x01, script generated"
P89,1,Conn_01x01_Pin,PinHeader_1x01_P1.00mm_Vertical,,,Yes,tht,"Generic connector, single row, 01x01, script generated"
P9,1,Conn_01x01_Pin,PinHeader_1x01_P1.00mm_Vertical,,,Yes,tht,"Generic connector, single row, 01x01, script generated"
P90,1,Conn_01x01_Pin,PinHeader_1x01_P1.00mm_Vertical,,,Yes,tht,"Generic connector, single row, 01x01, script generated"
P91,1,Conn_01x01_Pin,PinHeader_1x01_P1.00mm_Vertical,,,Yes,tht,"Generic connector, single row, 01x01, script generated"
P92,1,Conn_01x01_Pin,PinHeader_1x01_P1.00mm_Vertical,,,Yes,tht,"Generic connector, single row, 01x01, script generated"
P93,1,Conn_01x01_Pin,PinHeader_1x01_P1.00mm_Vertical,,,Yes,tht,"Generic connector, single row, 01x01, script generated"
P94,1,Conn_01x01_Pin,PinHeader_1x01_P1.00mm_Vertical,,,Yes,tht,"Generic connector, single row, 01x01, script generated"
P95,1,Conn_01x01_Pin,PinHeader_1x01_P1.00mm_Vertical,,,Yes,tht,"Generic connector, single row, 01x01, script generated"
P96,1,Conn_01x01_Pin,PinHeader_1x01_P1.00mm_Vertical,,,Yes,tht,"Generic connector, single row, 01x01, script generated"
P97,1,Conn_01x01_Pin,PinHeader_1x01_P1.00mm_Vertical,,,Yes,tht,"Generic connector, single row, 01x01, script generated"
P98,1,Conn_01x01_Pin,PinHeader_1x01_P1.00mm_Vertical,,,Yes,tht,"Generic connector, single row, 01x01, script generated"
P99,1,Conn_01x01_Pin,PinHeader_1x01_P1.00mm_Vertical,,,Yes,tht,"Generic connector, single row, 01x01, script generated"
R4,1,330,R_0603_1608Metric,,,,smt,
