﻿pos_x,pos_y,rotation,side,designator,mpn,pack,footprint,value,mount_type
73.3,-52.1,0.0,top,,,,,,tht
134.0,-53.4,0.0,top,,,,,,tht
102.775,-37.8,180.0,top,C1,,,C_0603_1608Metric,0.1u,smt
73.8,-49.4,-90.0,top,C6,,,C_0603_1608Metric,1u,smt
112.2,-37.7,180.0,top,D2,,,LED_150120RS75000_WRE,LED_GRE,smt
101.46145,-48.423075,0.0,top,MOSbius_V2,,,ArtInChip_QFN-100-1EP_12x12mm_P0.4mm_EP7.4x7.4mm,MOSbius_V2,smt
81.0,-55.4,0.0,top,P10,,,PinHeader_1x01_P1.00mm_Vertical,Conn_01x01_Pin,tht
74.2,-46.9,0.0,top,P100,,,PinHeader_1x01_P1.00mm_Vertical,Conn_01x01_Pin,tht
83.3,-58.1,180.0,top,P11,,,PinHeader_1x01_P1.00mm_Vertical,Conn_01x01_Pin,tht
83.3,-55.4,0.0,top,P12,,,PinHeader_1x01_P1.00mm_Vertical,Conn_01x01_Pin,tht
85.6,-58.2,0.0,top,P14,,,PinHeader_1x01_P1.00mm_Vertical,Conn_01x01_Pin,tht
85.6,-55.4,0.0,top,P15,,,PinHeader_1x01_P1.00mm_Vertical,Conn_01x01_Pin,tht
87.9,-59.4,0.0,top,P16,,,PinHeader_1x01_P1.00mm_Vertical,Conn_01x01_Pin,tht
87.9,-56.4,0.0,top,P17,,,PinHeader_1x01_P1.00mm_Vertical,Conn_01x01_Pin,tht
90.2,-59.4,0.0,top,P18,,,PinHeader_1x01_P1.00mm_Vertical,Conn_01x01_Pin,tht
90.2,-56.4,0.0,top,P19,,,PinHeader_1x01_P1.00mm_Vertical,Conn_01x01_Pin,tht
92.5,-60.1,0.0,top,P20,,,PinHeader_1x01_P1.00mm_Vertical,Conn_01x01_Pin,tht
92.5,-57.4,0.0,top,P21,,,PinHeader_1x01_P1.00mm_Vertical,Conn_01x01_Pin,tht
94.8,-60.1,0.0,top,P22,,,PinHeader_1x01_P1.00mm_Vertical,Conn_01x01_Pin,tht
94.8,-57.6,0.0,top,P23,,,PinHeader_1x01_P1.00mm_Vertical,Conn_01x01_Pin,tht
97.1,-60.8,0.0,top,P24,,,PinHeader_1x01_P1.00mm_Vertical,Conn_01x01_Pin,tht
97.1,-58.3,0.0,top,P25,,,PinHeader_1x01_P1.00mm_Vertical,Conn_01x01_Pin,tht
99.4,-60.8,0.0,top,P26,,,PinHeader_1x01_P1.00mm_Vertical,Conn_01x01_Pin,tht
101.7,-60.8,0.0,top,P27,,,PinHeader_1x01_P1.00mm_Vertical,Conn_01x01_Pin,tht
104.0,-60.8,0.0,top,P28,,,PinHeader_1x01_P1.00mm_Vertical,Conn_01x01_Pin,tht
106.3,-60.8,0.0,top,P29,,,PinHeader_1x01_P1.00mm_Vertical,Conn_01x01_Pin,tht
74.1,-58.1,0.0,top,P3,,,PinHeader_1x01_P1.00mm_Vertical,Conn_01x01_Pin,tht
108.6,-60.8,0.0,top,P30,,,PinHeader_1x01_P1.00mm_Vertical,Conn_01x01_Pin,tht
110.9,-60.8,0.0,top,P31,,,PinHeader_1x01_P1.00mm_Vertical,Conn_01x01_Pin,tht
110.9,-58.4,0.0,top,P32,,,PinHeader_1x01_P1.00mm_Vertical,Conn_01x01_Pin,tht
113.5,-60.8,0.0,top,P33,,,PinHeader_1x01_P1.00mm_Vertical,Conn_01x01_Pin,tht
113.5,-58.4,0.0,top,P34,,,PinHeader_1x01_P1.00mm_Vertical,Conn_01x01_Pin,tht
115.8,-60.8,0.0,top,P35,,,PinHeader_1x01_P1.00mm_Vertical,Conn_01x01_Pin,tht
115.8,-58.4,0.0,top,P36,,,PinHeader_1x01_P1.00mm_Vertical,Conn_01x01_Pin,tht
118.1,-60.8,0.0,top,P37,,,PinHeader_1x01_P1.00mm_Vertical,Conn_01x01_Pin,tht
118.1,-58.4,0.0,top,P38,,,PinHeader_1x01_P1.00mm_Vertical,Conn_01x01_Pin,tht
120.4,-60.8,0.0,top,P39,,,PinHeader_1x01_P1.00mm_Vertical,Conn_01x01_Pin,tht
74.1,-55.4,0.0,top,P4,,,PinHeader_1x01_P1.00mm_Vertical,Conn_01x01_Pin,tht
120.4,-58.4,0.0,top,P40,,,PinHeader_1x01_P1.00mm_Vertical,Conn_01x01_Pin,tht
122.7,-60.8,0.0,top,P41,,,PinHeader_1x01_P1.00mm_Vertical,Conn_01x01_Pin,tht
122.7,-58.4,0.0,top,P42,,,PinHeader_1x01_P1.00mm_Vertical,Conn_01x01_Pin,tht
125.0,-58.0,0.0,top,P43,,,PinHeader_1x01_P1.00mm_Vertical,Conn_01x01_Pin,tht
125.0,-55.4,0.0,top,P44,,,PinHeader_1x01_P1.00mm_Vertical,Conn_01x01_Pin,tht
127.3,-58.0,0.0,top,P45,,,PinHeader_1x01_P1.00mm_Vertical,Conn_01x01_Pin,tht
127.3,-55.4,0.0,top,P46,,,PinHeader_1x01_P1.00mm_Vertical,Conn_01x01_Pin,tht
129.6,-58.0,0.0,top,P47,,,PinHeader_1x01_P1.00mm_Vertical,Conn_01x01_Pin,tht
129.6,-55.4,0.0,top,P48,,,PinHeader_1x01_P1.00mm_Vertical,Conn_01x01_Pin,tht
131.9,-58.0,0.0,top,P49,,,PinHeader_1x01_P1.00mm_Vertical,Conn_01x01_Pin,tht
76.4,-58.1,0.0,top,P5,,,PinHeader_1x01_P1.00mm_Vertical,Conn_01x01_Pin,tht
131.9,-55.4,0.0,top,P50,,,PinHeader_1x01_P1.00mm_Vertical,Conn_01x01_Pin,tht
133.3,-49.6,0.0,top,P51,,,PinHeader_1x01_P1.00mm_Vertical,Conn_01x01_Pin,tht
131.0,-49.6,0.0,top,P52,,,PinHeader_1x01_P1.00mm_Vertical,Conn_01x01_Pin,tht
128.7,-49.6,0.0,top,P53,,,PinHeader_1x01_P1.00mm_Vertical,Conn_01x01_Pin,tht
126.4,-49.6,0.0,top,P54,,,PinHeader_1x01_P1.00mm_Vertical,Conn_01x01_Pin,tht
124.1,-49.6,0.0,top,P55,,,PinHeader_1x01_P1.00mm_Vertical,Conn_01x01_Pin,tht
121.8,-49.6,0.0,top,P56,,,PinHeader_1x01_P1.00mm_Vertical,Conn_01x01_Pin,tht
119.5,-49.6,0.0,top,P57,,,PinHeader_1x01_P1.00mm_Vertical,Conn_01x01_Pin,tht
117.2,-49.6,0.0,top,P58,,,PinHeader_1x01_P1.00mm_Vertical,Conn_01x01_Pin,tht
117.2,-47.2,0.0,top,P59,,,PinHeader_1x01_P1.00mm_Vertical,Conn_01x01_Pin,tht
76.4,-55.4,0.0,top,P6,,,PinHeader_1x01_P1.00mm_Vertical,Conn_01x01_Pin,tht
119.5,-47.2,0.0,top,P60,,,PinHeader_1x01_P1.00mm_Vertical,Conn_01x01_Pin,tht
121.8,-47.2,0.0,top,P61,,,PinHeader_1x01_P1.00mm_Vertical,Conn_01x01_Pin,tht
124.1,-47.2,0.0,top,P62,,,PinHeader_1x01_P1.00mm_Vertical,Conn_01x01_Pin,tht
126.4,-47.2,0.0,top,P63,,,PinHeader_1x01_P1.00mm_Vertical,Conn_01x01_Pin,tht
128.7,-47.2,0.0,top,P64,,,PinHeader_1x01_P1.00mm_Vertical,Conn_01x01_Pin,tht
131.0,-47.2,0.0,top,P65,,,PinHeader_1x01_P1.00mm_Vertical,Conn_01x01_Pin,tht
133.3,-47.2,0.0,top,P66,,,PinHeader_1x01_P1.00mm_Vertical,Conn_01x01_Pin,tht
117.3,-43.9,0.0,top,P67,,,PinHeader_1x01_P1.00mm_Vertical,Conn_01x01_Pin,tht
119.6,-43.9,0.0,top,P68,,,PinHeader_1x01_P1.00mm_Vertical,Conn_01x01_Pin,tht
121.9,-43.9,0.0,top,P69,,,PinHeader_1x01_P1.00mm_Vertical,Conn_01x01_Pin,tht
78.7,-58.1,0.0,top,P7,,,PinHeader_1x01_P1.00mm_Vertical,Conn_01x01_Pin,tht
124.2,-43.9,0.0,top,P70,,,PinHeader_1x01_P1.00mm_Vertical,Conn_01x01_Pin,tht
126.5,-43.9,0.0,top,P71,,,PinHeader_1x01_P1.00mm_Vertical,Conn_01x01_Pin,tht
128.8,-43.9,0.0,top,P72,,,PinHeader_1x01_P1.00mm_Vertical,Conn_01x01_Pin,tht
131.1,-43.9,0.0,top,P73,,,PinHeader_1x01_P1.00mm_Vertical,Conn_01x01_Pin,tht
117.4,-40.6,0.0,top,P74,,,PinHeader_1x01_P1.00mm_Vertical,Conn_01x01_Pin,tht
119.7,-40.6,0.0,top,P75,,,PinHeader_1x01_P1.00mm_Vertical,Conn_01x01_Pin,tht
74.3,-37.8,0.0,top,P76,,,PinHeader_1x01_P1.00mm_Vertical,Conn_01x01_Pin,tht
74.2,-40.1,0.0,top,P77,,,PinHeader_1x01_P1.00mm_Vertical,Conn_01x01_Pin,tht
76.5,-40.1,0.0,top,P78,,,PinHeader_1x01_P1.00mm_Vertical,Conn_01x01_Pin,tht
78.8,-40.1,0.0,top,P79,,,PinHeader_1x01_P1.00mm_Vertical,Conn_01x01_Pin,tht
78.7,-55.4,0.0,top,P8,,,PinHeader_1x01_P1.00mm_Vertical,Conn_01x01_Pin,tht
81.1,-40.1,0.0,top,P80,,,PinHeader_1x01_P1.00mm_Vertical,Conn_01x01_Pin,tht
83.4,-40.1,0.0,top,P81,,,PinHeader_1x01_P1.00mm_Vertical,Conn_01x01_Pin,tht
85.7,-40.1,0.0,top,P82,,,PinHeader_1x01_P1.00mm_Vertical,Conn_01x01_Pin,tht
88.0,-40.1,0.0,top,P83,,,PinHeader_1x01_P1.00mm_Vertical,Conn_01x01_Pin,tht
74.2,-42.4,0.0,top,P84,,,PinHeader_1x01_P1.00mm_Vertical,Conn_01x01_Pin,tht
76.5,-42.4,0.0,top,P85,,,PinHeader_1x01_P1.00mm_Vertical,Conn_01x01_Pin,tht
78.8,-42.4,0.0,top,P86,,,PinHeader_1x01_P1.00mm_Vertical,Conn_01x01_Pin,tht
81.1,-42.4,0.0,top,P87,,,PinHeader_1x01_P1.00mm_Vertical,Conn_01x01_Pin,tht
83.4,-43.5,0.0,top,P88,,,PinHeader_1x01_P1.00mm_Vertical,Conn_01x01_Pin,tht
85.7,-43.5,0.0,top,P89,,,PinHeader_1x01_P1.00mm_Vertical,Conn_01x01_Pin,tht
81.0,-58.1,0.0,top,P9,,,PinHeader_1x01_P1.00mm_Vertical,Conn_01x01_Pin,tht
88.0,-43.5,0.0,top,P90,,,PinHeader_1x01_P1.00mm_Vertical,Conn_01x01_Pin,tht
88.0,-45.7,0.0,top,P91,,,PinHeader_1x01_P1.00mm_Vertical,Conn_01x01_Pin,tht
85.7,-45.9,0.0,top,P92,,,PinHeader_1x01_P1.00mm_Vertical,Conn_01x01_Pin,tht
83.4,-45.9,0.0,top,P93,,,PinHeader_1x01_P1.00mm_Vertical,Conn_01x01_Pin,tht
81.1,-44.9,0.0,top,P94,,,PinHeader_1x01_P1.00mm_Vertical,Conn_01x01_Pin,tht
78.8,-44.9,0.0,top,P95,,,PinHeader_1x01_P1.00mm_Vertical,Conn_01x01_Pin,tht
78.8,-46.9,0.0,top,P96,,,PinHeader_1x01_P1.00mm_Vertical,Conn_01x01_Pin,tht
76.5,-44.9,0.0,top,P97,,,PinHeader_1x01_P1.00mm_Vertical,Conn_01x01_Pin,tht
76.5,-46.9,0.0,top,P98,,,PinHeader_1x01_P1.00mm_Vertical,Conn_01x01_Pin,tht
74.2,-44.9,0.0,top,P99,,,PinHeader_1x01_P1.00mm_Vertical,Conn_01x01_Pin,tht
107.6,-37.7,0.0,top,R4,,,R_0603_1608Metric,330,smt
